Time,Time Code,Country Name,Country Code,"Life expectancy at birth, total (years) [SP.DYN.LE00.IN]","Agriculture, forestry, and fishing, value added (% of GDP) [NV.AGR.TOTL.ZS]",Domestic general government health expenditure (% of GDP) [SH.XPD.GHED.GD.ZS],"Government expenditure on education, total (% of GDP) [SE.XPD.TOTL.GD.ZS]","Industry (including construction), value added (% of GDP) [NV.IND.TOTL.ZS]","Manufacturing, value added (% of GDP) [NV.IND.MANF.ZS]","Services, value added (% of GDP) [NV.SRV.TOTL.ZS]",People using at least basic drinking water services (% of population) [SH.H2O.BASW.ZS],"PM2.5 air pollution, population exposed to levels exceeding WHO guideline value (% of total) [EN.ATM.PM25.MC.ZS]"
2015,YR2015,Afghanistan,AFG,62.659,20.6343227166798,0.52267277,3.2558000087738,22.1240424906926,11.4200060049012,53.2352934986503,62.3696595585624,100
2015,YR2015,Albania,ALB,78.644,19.7802144171366,2.70778155,3.43796992301941,21.7636809971645,5.67151941669391,46.2844425914396,93.3943239683645,100
2015,YR2015,Algeria,DZA,75.622,10.5327896965018,4.90172052,6.17633008956909,32.7565009315894,7.11001759889613,52.1103711658838,93.4095576469991,100
2015,YR2015,American Samoa,ASM,..,..,..,..,..,..,..,98.7374034091227,100
2015,YR2015,Andorra,AND,..,0.513420109683398,4.9751277,3.28034996986389,9.98126871637019,3.70608985448457,78.6674143272447,100,90.8480627384849
2015,YR2015,Angola,AGO,60.655,9.12253437222206,1.23424065,3.09999990463257,41.9330921928439,5.68514480307257,48.6598885686327,54.316930612657,100
2015,YR2015,Antigua and Barbuda,ATG,77.913,1.44541131496108,3.15658259,2.1441957950592,15.9250271771331,2.80117673122202,73.0892285815855,98.3653622690749,100
2015,YR2015,Argentina,ARG,76.76,5.1566859021408,6.82437325,5.77611017227173,23.153056135905,14.1815854549835,55.8149012843362,98.9823081880311,98.0219286945161
2015,YR2015,Armenia,ARM,74.436,17.2231200318056,1.61,2.80591011047363,25.7086994351611,9.20617105938632,48.2126693907876,99.5245608325277,100
2015,YR2015,Aruba,ABW,75.683,0.0125197884306596,..,5.88826990127563,12.4688230870932,3.58527899141791,79.1390533682379,97.8690233809859,..
2015,YR2015,Australia,AUS,82.4,2.3759901241561,7.23228073,5.46285820007324,23.6809068044195,6.29227941742372,67.1549380758728,99.9700009039845,26.0466667521997
2015,YR2015,Austria,AUT,81.190243902439,1.14362854172989,7.51,5.45658016204834,25.5152402246539,17.242928730216,62.1631640037401,99.9999988248374,91.4744653522326
2015,YR2015,Azerbaijan,AZE,71.451,6.17745494667157,1.31,2.95167994499207,44.8913203383597,4.99062155204119,39.9959543949982,92.5693237263402,100
2015,YR2015,"Bahamas, The",BHS,73.104,0.826771990849819,2.288836,2.29697513580322,11.3117830001971,2.51801334829805,77.9041972600862,98.8869604973405,99.9999999987145
2015,YR2015,Bahrain,BHR,79.405,0.301911232209971,3.23580289,2.66808009147644,39.0907990671172,17.1732865801602,59.7147216888712,99.9295906158634,100
2015,YR2015,Bangladesh,BGD,70.491,14.7829964369364,0.38844827,1.87225413322449,26.8313948329541,16.7886735625088,53.7138319423318,97.3011010904708,100
2015,YR2015,Barbados,BRB,76.65,1.80229026432247,3.19531894,5.17699909210205,14.4271779180173,6.07918758073321,75.3517130178845,98.4744447428319,100
2015,YR2015,Belarus,BLR,73.6243902439025,6.28294961628295,3.69,4.78750991821289,32.6926926926927,20.643977310644,47.7421866310755,98.3308556431228,100
2015,YR2015,Belgium,BEL,80.9926829268293,0.750617272066574,8.24744034,6.4515700340271,19.4767746872729,12.5677314710087,69.4272004004447,99.9999962819912,95.1043453766346
2015,YR2015,Belize,BLZ,73.187,9.61446387451266,3.14627051,5.39020013809204,14.5436720549007,6.96290554250929,62.1736850505005,97.1755914796041,100
2015,YR2015,Benin,BEN,59.377,26.3920850925037,0.59082586,3.17298007011414,16.3850954444902,10.0356700779199,49.2408968968993,65.7627587295769,100
2015,YR2015,Bermuda,BMU,80.918,0.227889496811275,..,1.50163996219635,5.12438047943502,0.5141752075763,90.4111192642738,99.9031400170636,100
2015,YR2015,Bhutan,BTN,70.343,11.9950705237237,2.78964067,5.78269910812378,38.4680946288235,7.31166066657089,43.7448391035289,97.4862232685065,100
2015,YR2015,Bolivia,BOL,67.318,10.2394940992216,4.30645275,8.14342975616455,25.2024162637285,10.1911908657997,45.9764002651322,90.3841680932499,99.9997322955159
2015,YR2015,Bosnia and Herzegovina,BIH,76.182,6.03756695112693,6.4,3.01811289787292,21.7264560489569,11.1177914654178,54.9288363091656,96.1598434809044,100
2015,YR2015,Botswana,BWA,63.818,1.94776486758829,4.13518047,8.39457988739014,37.5439994873569,7.24202388476034,56.8759086148366,88.5124964559895,100
2015,YR2015,Brazil,BRA,74.332,4.31914942942436,3.85384846,6.24105978012085,19.3600439808819,10.5209374565841,62.3078671707317,97.8035647892997,74.9277515309761
2015,YR2015,British Virgin Islands,VGB,75.675,..,..,4.70450019836426,..,..,..,99.8643835616439,..
2015,YR2015,Brunei Darussalam,BRN,74.75,1.10321244189323,2.26836538,..,61.3627776894002,1.6178324732843,39.4304337887703,99.90003757336,0
2015,YR2015,Bulgaria,BGR,74.6146341463415,4.06197577427238,4.13,3.91208434104919,24.0301394911987,..,58.2751717161103,99.2644589337805,99.9662317940315
2015,YR2015,Burkina Faso,BFA,58.845,22.6464984902029,1.45618761,3.67008996009827,24.3613757844362,11.6602964471487,44.0578267356519,50.9135475105506,100
2015,YR2015,Burundi,BDI,60.217,30.6846972994222,2.4195447,7.10290956497192,11.7664286894227,8.67655378836353,49.3716359599916,59.5814707751426,100
2015,YR2015,Cabo Verde,CPV,74.62,6.4082863760272,3.17430472,4.80622005462646,14.6158909934146,4.94193017807392,67.1524928863825,85.3679901003518,100
2015,YR2015,Cambodia,KHM,69.873,20.1408488554582,1.34465146,1.7034615278244,31.4639051712341,22.4571002060738,42.2063048789912,71.4076002072769,100
2015,YR2015,Cameroon,CMR,59.658,17.2094159041593,0.36383638,2.65791988372803,25.0914880063978,14.3500581853268,49.5603216890022,65.9980474433756,100
2015,YR2015,Canada,CAN,81.8156097560976,1.86983594598587,7.60736179,4.7393798828125,24.4156825468916,9.9754225443394,67.0009977683349,99.2292213269659,0.725554041704435
2015,YR2015,Cayman Islands,CYM,..,0.378694095538705,..,..,7.00603829734849,0.831096148116317,87.4373696462074,95.7619631901841,..
2015,YR2015,Central African Republic,CAF,52.793,31.5273810283745,0.45585203,1.91022861003876,22.1252513485047,19.744921164342,43.231643579841,42.3113462015146,100
2015,YR2015,Chad,TCD,51.589,30.4630058696324,0.96198386,2.3428316116333,33.5847080630213,2.77829008341057,33.0397097636701,47.7824336445913,100
2015,YR2015,Channel Islands,CHI,81.433,..,..,..,..,..,..,..,..
2015,YR2015,Chile,CHL,79.746,3.70940427541167,4.01006603,4.90390014648438,27.880640410938,10.3988647878915,58.3447093592261,99.5064928801766,98.5762989258251
2015,YR2015,China,CHN,76.977,8.38701488219603,2.97190666,4.24201250076294,40.8413399694664,28.9516705787219,50.7716451484828,92.7063422881616,99.9999551645374
2015,YR2015,Colombia,COL,76.257,5.98042480849816,5.32889223,..,28.5894478881361,12.4008937581087,56.2155458237437,96.0614092543758,96.3381509958462
2015,YR2015,Comoros,COM,62.896,30.5986282117727,0.46612623,2.5450599193573,10.4084081560234,..,54.8995438267195,80.1319987781875,100
2015,YR2015,"Congo, Dem. Rep.",COD,58.49,18.3703885046444,0.62508768,2.17043995857239,41.7048638993049,17.1286572960911,33.1043748112619,36.3030975519295,100
2015,YR2015,"Congo, Rep.",COG,63.233,5.81058893116428,1.11883152,3.13882994651794,48.6789561936062,8.36764019343637,39.1611584474461,71.1495835987263,100
2015,YR2015,Costa Rica,CRI,79.086,4.74911042904841,5.51982641,6.87349987030029,19.9678784677773,11.6070817090569,67.2979590735582,99.2586047982486,99.9799860248742
2015,YR2015,Cote d'Ivoire,CIV,57.762,18.3620416868752,0.80445331,3.49412989616394,20.1215578301808,11.4305990168412,54.1326121734967,72.1952372438825,100
2015,YR2015,Croatia,HRV,77.2756097560976,2.96346586722837,5.56,4.96908521652222,20.3676183983865,12.7361539594217,59.3033892217431,..,100
2015,YR2015,Cuba,CUB,77.772,3.83575415916853,11.57496357,8.96333694458008,22.3538093576701,14.9087370083367,72.7584790113482,93.680024663775,99.9999999999811
2015,YR2015,Curacao,CUW,78.0756097560976,0.205941925848241,..,..,16.5035975776015,8.59755689142002,71.6404568427754,99.4977518475178,..
2015,YR2015,Cyprus,CYP,80.966,1.86798451841109,2.86,6.30491018295288,10.1909463210663,4.26012306069838,75.5176128959667,99.7885226504475,100
2015,YR2015,Czechia,CZE,78.5780487804878,2.25892571347988,6.18714857,5.75182008743286,33.515061761941,23.7339506123741,54.3330095169346,99.8800959139295,99.8282838822608
2015,YR2015,Denmark,DNK,80.7024390243902,0.908318060929302,8.72,7.01041460037231,19.5644428511085,12.484534308925,66.268123644985,100,75.1874411831808
2015,YR2015,Djibouti,DJI,61.957,1.05900752644099,1.70769882,3.59894990921021,11.3951494809576,2.73555807602599,80.2864982413037,75.787045749845,100
2015,YR2015,Dominica,DMA,68.727,14.0555757231214,3.25268769,3.40711998939514,12.5336474907362,3.98838348207864,58.6647853752423,95.4206560631659,100
2015,YR2015,Dominican Republic,DOM,72.953,5.4846959306391,2.36797523,3.6040027141571,28.4963681779993,14.7024478987904,59.0615032596238,95.3747469801697,99.9785982241453
2015,YR2015,Ecuador,ECU,76.789,8.02049629728797,4.38921881,5.10570001602173,28.0900423392523,14.2997317197965,57.6066295867738,93.0637815799392,99.3891695178291
2015,YR2015,"Egypt, Arab Rep.",EGY,70.483,11.3940610667634,1.58139753,3.93084812164307,36.6302015379086,16.6974449068966,53.1705469980756,98.6914116257754,100
2015,YR2015,El Salvador,SLV,71.814,5.52976674016479,4.80888462,3.90987992286682,25.2889295441979,16.3874932588795,60.0130385216637,95.236218443692,100
2015,YR2015,Equatorial Guinea,GNQ,60.103,1.88839087566802,0.55440164,..,59.1005872679086,17.8446575040216,39.1222153520914,64.178599499821,100
2015,YR2015,Eritrea,ERI,66.033,..,0.74046409,..,..,..,..,51.4650911306671,100
2015,YR2015,Estonia,EST,77.590243902439,2.80642152865051,4.94316053,5.14418983459473,23.1154851402023,13.6547460994623,60.7172758310752,99.8911870771644,0
2015,YR2015,Eswatini,SWZ,55.019,7.71805794544233,2.94745016,5.35494709014893,36.5984671373585,30.5674052347362,49.1632105375865,66.5257676585086,100
2015,YR2015,Ethiopia,ETH,63.649,36.0569753905786,0.96540898,5.15336132049561,16.2977936386153,4.4046191387627,39.5457091545031,41.506855299013,100
2015,YR2015,Faroe Islands,FRO,81.7926829268293,15.6643760466594,..,..,16.4855344459202,6.38390021366287,56.9192123347,100,..
2015,YR2015,Fiji,FJI,66.844,7.87162401371267,2.09847856,4.80931758880615,15.1712700020285,10.4961595864402,55.4372357396724,95.2442022172526,99.978648421315
2015,YR2015,Finland,FIN,81.4804878048781,2.06049706934612,7.58,7.03208017349243,23.3039316434498,14.8411928141889,60.9404734718733,100,0
2015,YR2015,France,FRA,82.3219512195122,1.50360116027898,8.28222084,5.44642734527588,17.236441547058,10.3199116417468,70.3090113135195,100,90.4121184733779
2015,YR2015,French Polynesia,PYF,82.354,3.22845890100068,..,..,10.8248430549639,5.09730941390893,75.8292424041396,100,..
2015,YR2015,Gabon,GAB,65.46,4.31162904410146,1.56549394,2.82435989379883,48.1836272968661,16.6870330418249,39.0291929804191,84.538735535926,100
2015,YR2015,"Gambia, The",GMB,62.494,22.2088860199147,0.99829203,2.19235181808472,17.1434530643603,6.34925434673243,51.8897873643178,81.5208646385111,100
2015,YR2015,Georgia,GEO,73.297,8.54206032187102,2.64,3.16487407684326,19.7698929026282,9.23868791246961,60.3920073520898,93.4832426680943,100
2015,YR2015,Germany,DEU,80.6414634146341,0.708829582097775,8.61353302,4.85515022277832,25.9152852721469,20.1508920324729,62.5608866851393,99.9999983056289,95.9525959398708
2015,YR2015,Ghana,GHA,63.175,19.9826505985758,1.5937742,3.68874549865723,31.1193795046839,11.0982995618487,40.515265169488,80.9541538675411,100
2015,YR2015,Gibraltar,GIB,80.427,..,..,..,..,..,..,100,..
2015,YR2015,Greece,GRC,81.0365853658537,3.82153798821664,4.73999214,3.66139006614685,14.4406143927451,8.2939794133625,70.0008977954844,100,99.9999999999784
2015,YR2015,Greenland,GRL,71.4790243902439,17.0377903864683,..,..,17.0467116297327,4.05976043488087,62.9358027334689,100,98.7535456326015
2015,YR2015,Grenada,GRD,75.013,7.42852685072365,1.93493712,4.23861026763916,12.3242889833279,3.41912092484175,66.7627566941068,95.6286504435547,100
2015,YR2015,Guam,GUM,76.616,..,..,..,..,..,..,99.6952,100
2015,YR2015,Guatemala,GTM,72.103,9.96700303156264,2.27820134,3.03032994270325,22.7375109396278,14.326328695069,61.4489919591481,92.0560918129617,100
2015,YR2015,Guinea,GIN,58.134,18.478241904135,0.42931107,2.51713991165161,26.3246416118291,12.1187356683819,45.5062249188801,62.8272632655667,100
2015,YR2015,Guinea-Bissau,GNB,59.128,35.1577785508063,0.53779858,..,12.9268475259906,8.85890712355589,45.109885029128,60.5565366633757,100
2015,YR2015,Guyana,GUY,68.201,25.4431214761023,2.35677791,3.89569997787476,24.7187387911341,5.9391007109179,44.1049709941423,93.5573128816329,99.9998086271857
2015,YR2015,Haiti,HTI,63.237,17.2198989989619,0.56089777,1.85497999191284,26.0556909416746,16.9685346386874,52.4407421977879,64.5674854749725,100
2015,YR2015,Honduras,HND,72.487,12.2159784468116,2.94796515,6.41297006607056,25.6499709386427,17.5431120239302,58.8330670461585,92.8820078727696,99.9988766711252
2015,YR2015,"Hong Kong SAR, China",HKG,84.2526829268293,0.0679653751855497,..,3.26212000846863,7.05801657854796,1.11396500825592,89.8369664926531,100,..
2015,YR2015,Hungary,HUN,75.5682926829269,3.78956364429984,4.65,4.49539995193481,26.3832312418632,20.215286547804,54.0817040067795,99.9705261412823,100
2015,YR2015,Iceland,ISL,82.4682926829268,5.29091434268492,6.52,7.4579701423645,20.0609398683861,10.7328454256169,64.3828169198234,100,11.9849547773209
2015,YR2015,India,IND,69.636,16.1745081068401,0.92,4.11499166488647,27.34739147794,15.5838545863713,47.7837481204463,89.1893092956283,100
2015,YR2015,Indonesia,IDN,69.699,13.4926435578886,1.15799773,3.58360004425049,40.0478624042506,20.9857874310206,43.3090809246806,88.6672494941837,96.142372495414
2015,YR2015,"Iran, Islamic Rep.",IRN,75.124,10.0916014141126,3.68877792,2.62911009788513,32.1747396532204,13.4507444091979,55.1819574554845,96.7851065376392,100
2015,YR2015,Iraq,IRQ,69.44,4.19186817517212,0.73074311,..,45.340288824262,2.1752084247609,51.2496561823717,94.2475945354167,100
2015,YR2015,Ireland,IRL,81.4536585365854,0.867861440205505,5.26673412,3.74868988990784,38.4033028786772,34.8578555737466,54.1681920913903,96.214981641015,2.71819083411953
2015,YR2015,Isle of Man,IMN,78.905,0.472320117585132,..,..,8.70677272502809,2.67986624173742,93.5700590923078,98.9288991935484,..
2015,YR2015,Israel,ISR,82.0512195121951,1.42406069017435,4.45,5.7976598739624,20.0148199713133,12.9187992083921,68.2305503395378,100,100
2015,YR2015,Italy,ITA,82.5439024390244,1.99152552817849,6.59,4.07362985610962,20.2895283210976,14.2623447666015,66.682063975246,99.9170340740928,96.7545739375126
2015,YR2015,Jamaica,JAM,72.394,6.30833589909362,3.55884409,5.45522022247314,19.2659776570983,7.95709044591207,61.8439009518117,90.4167982455884,100
2015,YR2015,Japan,JPN,83.7939024390244,1.03412007048647,9.04,3.31221008300781,28.5837114240167,20.4624703758492,69.7955308631099,98.9134664349345,88.6686504162249
2015,YR2015,Jordan,JOR,75.011,4.39226865861151,3.99459696,..,25.2328062594007,18.3616206146717,60.1407620756871,98.9124759274238,100
2015,YR2015,Kazakhstan,KAZ,71.97,4.71054741881579,1.92,3.33796977996826,30.8547873936113,10.2754093827734,59.297627869996,95.0253353861125,92.6415526035327
2015,YR2015,Kenya,KEN,61.892,19.4696147780528,1.92388499,4.9494514465332,18.8940456983605,9.97517981812866,56.1313780292221,58.1411638109897,100
2015,YR2015,Kiribati,KIR,66.059,22.9196559162101,6.84,12.1140003204346,14.7267735861681,4.55983213651231,60.1257555174693,71.3789331649567,99.9999995726362
2015,YR2015,"Korea, Dem. People's Rep.",PRK,72.784,..,..,..,..,..,..,95.2148804205921,100
2015,YR2015,"Korea, Rep.",KOR,82.0243902439024,2.00390779269061,3.71057963,4.45423984527588,34.1499356702728,26.6060357279078,55.5765055725491,99.4382201461927,100
2015,YR2015,Kosovo,XKX,78.922,7.67716823366887,..,..,26.9432328185615,13.2641680043945,46.6393323162549,..,..
2015,YR2015,Kuwait,KWT,79.562,0.537729005863466,3.57679915,..,55.9358456586362,6.97751003695985,58.4383547303547,100,100
2015,YR2015,Kyrgyz Republic,KGZ,70.6512195121951,14.0607643300857,2.71,6.96764755249023,25.0780623169816,14.0507756985422,52.1498322606782,88.0282482591756,99.1089483849592
2015,YR2015,Lao PDR,LAO,66.67,17.5877596970627,0.86391306,2.73689794540405,27.6933442499915,8.19005219527172,44.1689693992427,77.4605718115198,100
2015,YR2015,Latvia,LVA,74.4804878048781,3.55445018445087,3.32,5.28251981735229,19.7834567448988,10.8460810091263,64.1295120425511,98.5289621895309,92.2730865530648
2015,YR2015,Lebanon,LBN,79.229,3.28466326670943,3.37505221,..,15.7051846447457,8.04853930548165,73.8065438599639,91.012884308783,100
2015,YR2015,Lesotho,LSO,51.101,3.78190344669127,5.62011147,7.64250230789185,33.7385657003649,15.1330287921212,51.5336434103419,71.2930990924663,100
2015,YR2015,Liberia,LBR,59.148,34.4037544579447,1.20420825,2.11587476730347,16.8248454785241,..,44.5122901827187,72.1166658826897,100
2015,YR2015,Libya,LBY,71.698,4.3862973349324,..,..,34.8289693278703,4.14078951865904,72.4462059977024,97.2816151590346,100
2015,YR2015,Liechtenstein,LIE,82.6560975609756,..,..,..,37.2602648896845,..,..,100,..
2015,YR2015,Lithuania,LTU,74.3219512195122,3.43671864804715,4.29,4.2271900177002,26.9636978611038,17.2400398133433,59.2019719495734,96.6041391284408,99.5312152983186
2015,YR2015,Luxembourg,LUX,82.2926829268293,0.223732628740735,4.29,3.76792001724243,11.539623433831,5.47963197133244,79.7312744577697,99.92517284659,79.9792668255678
2015,YR2015,"Macao SAR, China",MAC,83.984,..,..,3.00247001647949,7.69596450454257,0.570740711910772,91.7218966495046,100,..
2015,YR2015,Madagascar,MDG,64.339,25.7433543337656,1.99010992,2.70418834686279,18.950884731327,8.50771119517862,50.7680550591088,48.077446714498,100
2015,YR2015,Malawi,MWI,61.378,22.9948363698368,1.89914215,3.44449663162231,17.556172133103,..,53.2072107130481,66.21842923585,100
2015,YR2015,Malaysia,MYS,75.094,8.28749992585653,2.03347373,4.70381021499634,38.4496697879603,22.2932974814824,52.0139839408985,97.0522072204615,93.5081780350891
2015,YR2015,Maldives,MDV,79.695,5.53360361810085,6.27,4.62230539321899,10.7232266023621,1.92794348282613,72.3765842983605,98.8142445978223,6.87120465177289E-08
2015,YR2015,Mali,MLI,58.363,37.2318329721504,0.91927379,3.80152010917664,18.0893918058157,12.9599274106217,37.2660625296056,73.3037291686006,100
2015,YR2015,Malta,MLT,81.8975609756097,0.941161442575349,5.41,5.02398014068604,12.090304685391,7.16143634059413,76.1293946507284,99.9999975971148,100
2015,YR2015,Marshall Islands,MHL,63.827,12.4228089275993,6.47802925,..,11.298856831791,3.17131192161132,75.7413718018508,86.6389747290043,99.9999988042643
2015,YR2015,Mauritania,MRT,64.485,20.6295456111909,1.41883922,2.82956600189209,22.7465105988095,7.43834550490809,46.4932179805674,65.5766976503204,100
2015,YR2015,Mauritius,MUS,74.3531707317073,3.07196343387118,2.31317115,4.75847005844116,19.1931790105859,13.008628390064,65.5311021152859,99.8236333743034,100
2015,YR2015,Mexico,MEX,74.682,3.0851863436743,2.98734307,5.05087995529175,30.8402535936115,19.8234213781094,60.5061359762521,97.6776477066578,99.7152655416406
2015,YR2015,"Micronesia, Fed. Sts.",FSM,71.408,26.2016892166227,3.21473765,13.6470003128052,6.11327565271435,0.418844329629476,61.8534746290482,90.1752509407096,99.9999999976395
2015,YR2015,Moldova,MDA,69.24,12.8212557522034,3.9,5.80568695068359,21.1076657265026,10.01582216678,53.3342064591852,88.9514518015044,100
2015,YR2015,Monaco,MCO,..,..,3.4903245,..,17.5917398696515,..,82.4082601303485,100,..
2015,YR2015,Mongolia,MNG,69.498,14.079203180176,2.4089644,4.38715648651123,31.5158775834209,7.01550583710279,46.1686156086131,78.7245239498298,97.9517847849117
2015,YR2015,Montenegro,MNE,76.4487804878049,8.06118573423757,5.4,..,14.3534622406494,4.08869912042976,60.2777607516407,97.3912959033093,100
2015,YR2015,Morocco,MAR,72.92,11.7961931846113,1.98215687,5.13336896896362,25.6226817262287,14.984152955286,52.2029571874719,80.0538678565424,100
2015,YR2015,Mozambique,MOZ,58.151,23.5663164946958,1.81552148,6.01083421707153,18.6152107018236,8.30864034953938,46.6230720271826,49.0759428639125,100
2015,YR2015,Myanmar,MMR,65.561,26.7717786456091,1.2,2.2456042766571,34.4688212621645,20.8081418827965,38.7594000921303,71.7410019192318,100
2015,YR2015,Namibia,NAM,60.7,6.65042679589334,4.21268463,9.85076808929443,27.5636536225028,11.4171848223968,57.9429326539944,83.1619215172849,100
2015,YR2015,Nauru,NRU,62.269,..,8.4357338,6.25260305404663,..,..,..,97.003356247305,..
2015,YR2015,Nepal,NPL,67.456,26.518508431071,0.91,3.29425358772278,13.1616546305814,5.3560555553661,50.5398969851676,88.275580629965,100
2015,YR2015,Netherlands,NLD,81.509756097561,1.80598562591626,6.82,5.34815979003906,17.4148103121536,10.1488182500805,70.5458576179068,100,99.8116826887052
2015,YR2015,New Caledonia,NCL,77.2804878048781,1.91334103691976,..,..,22.1000359642571,5.86483397920032,68.0800194079304,98.1385584921823,..
2015,YR2015,New Zealand,NZL,81.6124390243903,4.47029526580187,6.93415546,5.70734977722168,21.1560824911804,11.279693966648,65.9420431720028,99.9999992554402,0.349574373935346
2015,YR2015,Nicaragua,NIC,72.983,16.1101157008631,4.46586037,4.07843017578125,25.7348859815879,14.198161095405,48.5739430037359,81.3531277628567,99.9295179907473
2015,YR2015,Niger,NER,61.083,32.4169952714448,1.11163116,4.48669004440308,22.5383286848915,7.62575595401117,38.5305288045027,45.8159264872674,100
2015,YR2015,Nigeria,NGA,51.841,20.6318934800012,0.58907843,0.436954915523529,20.160782897492,9.42843732193195,58.1222219182291,68.1845425049661,100
2015,YR2015,North Macedonia,MKD,75.4024390243902,9.72691849418736,4.12,..,23.9221832208017,11.7603595286911,53.7301817323071,97.5057069828448,100
2015,YR2015,Northern Mariana Islands,MNP,..,..,..,..,..,..,..,99.9801833884838,34.6153846153846
2015,YR2015,Norway,NOR,82.3048780487805,1.48183029554502,8.61,7.52334976196289,31.5986317732861,6.96157381213814,55.9833722181738,100,2.02465674369929
2015,YR2015,Oman,OMN,77.687,1.72976080728779,3.6793406,..,53.0985352378875,8.91611568746014,50.1154825983089,90.238487000101,100
2015,YR2015,Pakistan,PAK,65.697,23.2628407756242,0.67638046,2.38609004020691,19.602614668814,12.3014420948153,52.6865814332807,89.5912469503616,100
2015,YR2015,Palau,PLW,..,2.93510778922999,5.51038313,..,7.97754540149257,0.949156285084481,78.5938231189761,99.5202624333344,..
2015,YR2015,Panama,PAN,77.468,2.94961630201192,4.36895657,3.36669993400574,26.5789491044727,6.26013276143563,66.652155427,92.9137986450208,87.2894289287745
2015,YR2015,Papua New Guinea,PNG,64.701,17.4569301700841,1.37782788,1.66600000858307,34.8049301310481,1.77710948034908,43.2810108554466,42.9687651734413,99.9999999999861
2015,YR2015,Paraguay,PRY,73.191,9.44042072515891,3.1565783,3.33377814292908,34.5822537534796,19.4164870545878,48.6423009672103,96.0186086116123,100
2015,YR2015,Peru,PER,75.621,7.04564405972046,3.02036071,3.96933007240295,30.3378798708175,13.7880201715375,54.0425799449386,90.5504162789145,99.9733888894223
2015,YR2015,Philippines,PHL,71.268,10.9964991547046,1.47,2.8305230140686,30.4819509830595,19.9280223739769,58.5215498600845,91.9773505590147,99.4330928712387
2015,YR2015,Poland,POL,77.4512195121951,2.48363694237949,4.44,4.81700992584229,30.9939300295541,17.6693391336256,55.299619134775,94.7645729803903,99.9962149714443
2015,YR2015,Portugal,PRT,81.1243902439025,1.97541250129625,5.75,4.88554000854492,19.5938498258589,12.2513540948869,65.4357541364739,99.1816088485954,27.458494054092
2015,YR2015,Puerto Rico,PRI,79.695,0.826985117363399,..,..,50.9382784121963,47.9026461782531,47.8759473956595,99.4254497570333,14.6788990825688
2015,YR2015,Qatar,QAT,80.064,0.161318389310859,3.19502282,..,57.4407932011631,8.91552530998815,46.0682464857373,99.9459484654924,100
2015,YR2015,Romania,ROU,74.9121951219512,4.42592968395419,3.85,3.10695004463196,30.811807082352,20.2080251087435,52.6060117162535,100,99.3790947507232
2015,YR2015,Russian Federation,RUS,71.1834146341463,3.87310448732299,3.11,3.83402991294861,29.7940599874349,12.3830188656764,56.1424909685464,96.4588851939079,91.8274018970421
2015,YR2015,Rwanda,RWA,65.298,23.9810045274251,2.10574889,3.64711999893188,17.4466631881327,6.83354613396964,49.7430202653232,58.4752230978059,100
2015,YR2015,Samoa,WSM,72.515,8.32395364948745,4.51301289,4.61519002914429,14.5012807041262,6.4439291450999,69.3591744269817,92.2280018053418,99.9999999994243
2015,YR2015,San Marino,SMR,..,0.0200541096861857,7.28606033,3.11914277076721,32.0241661542694,28.484537920721,59.2769211436221,100,..
2015,YR2015,Sao Tome and Principe,STP,67.249,14.1348690685509,1.68867922,4.69794988632202,11.6794591576073,..,64.6737413374378,76.0042348196248,100
2015,YR2015,Saudi Arabia,SAU,76.918,2.7729205286776,4.01395226,..,44.6394956356455,12.8336399043084,51.5521599511823,98.6744410427302,100
2015,YR2015,Senegal,SEN,66.879,14.2825767344045,1.07820702,5.45637989044189,23.5966085082289,17.0529991959005,51.4368734328387,77.8987857430696,100
2015,YR2015,Serbia,SRB,75.2878048780488,5.60595319138529,5.08387613,..,26.4213847953351,17.808446227027,52.0345054658593,93.3864584076858,100
2015,YR2015,Seychelles,SYC,74.2951219512195,2.05307446564115,3.15717173,4.91460990905762,14.2030327151444,5.85840609143849,67.2463184086625,95.7916238885933,100
2015,YR2015,Sierra Leone,SLE,57.189,37.5596573775199,1.28695345,..,2.83108163166909,1.10944734651124,21.6891053446393,57.3753150579913,100
2015,YR2015,Singapore,SGP,82.7439024390244,0.0326135138026483,1.96816146,2.86309337615967,24.2880229055028,18.0893298548734,69.950933310914,100,100
2015,YR2015,Sint Maarten (Dutch part),SXM,76.954,..,..,..,6.96750002994459,2.28717983713924,87.0257800881695,95.3111793297519,..
2015,YR2015,Slovak Republic,SVK,76.5634146341463,2.04596984034113,5.32,4.57843017578125,29.9318952287768,18.8287638047366,58.0921327972931,99.7871908255865,100
2015,YR2015,Slovenia,SVN,80.7756097560976,1.97361186480213,6.06,4.90953016281128,27.6272123283146,19.9837917138592,56.278935273132,99.5,99.7937147060447
2015,YR2015,Solomon Islands,SLB,69.583,33.2225624776607,3.06908107,..,15.5520349314605,7.87889911801926,51.09209115411,69.3299197692829,99.9999999997437
2015,YR2015,Somalia,SOM,54.857,..,..,..,..,..,..,48.7111537627703,100
2015,YR2015,South Africa,ZAF,63.95,2.23397839045912,4.59632444,5.48285007476807,23.7323079746326,12.5179444713924,64.1025757790295,91.7960958447093,100
2015,YR2015,South Sudan,SSD,55.566,10.3550274477245,..,1.46555995941162,33.0945353993221,3.53427701123526,56.5504512594544,41.2475085031689,100
2015,YR2015,Spain,ESP,82.8317073170732,2.72327046339292,6.50546694,4.28457021713257,19.9230622051822,11.0137685905408,68.2307802691903,99.9267263105102,55.1527248746452
2015,YR2015,Sri Lanka,LKA,74.927,8.21693887941169,1.62,2.10998010635376,29.5354178734212,16.176959877339,54.2106196156598,87.1911327903211,100
2015,YR2015,St. Kitts and Nevis,KNA,70.763,0.848906945250532,1.93635416,2.54938006401062,22.7382472431805,6.54942928999807,63.8719288063455,98.6118541324065,..
2015,YR2015,St. Lucia,LCA,73.138,2.15547268778429,1.99232376,3.88088011741638,10.8613695037495,2.90538048600582,73.9888538294472,95.5680948364947,100
2015,YR2015,St. Martin (French part),MAF,79.309,..,..,..,..,..,..,99.965602170402,..
2015,YR2015,St. Vincent and the Grenadines,VCT,74.407,6.26030041907991,2.52539754,4.95615243911743,14.9489099213637,4.79493337100344,64.7214766680793,97.7108558108169,100
2015,YR2015,Sudan,SDN,64.659,31.5564513257888,0.82485694,..,16.0712107361815,..,48.7681406482026,57.0543889684013,100
2015,YR2015,Suriname,SUR,70.8,10.4081572411936,3.16422224,5.53479623794556,27.2599156580204,11.4946632952408,54.4967591981728,95.7476957195653,100
2015,YR2015,Sweden,SWE,82.2048780487805,1.30289041518333,9.07,7.4439001083374,22.2836678486062,13.7629512175237,65.1916644315761,99.6716730402795,3.55514624121341
2015,YR2015,Switzerland,CHE,82.8975609756098,0.62644626050893,3.60796261,4.99559020996094,24.2011258209806,17.1186581567719,72.031712565285,99.9999962502182,72.3111073443463
2015,YR2015,Syrian Arab Republic,SYR,65.124,33.1304622129369,..,..,15.4913360290372,..,51.3782017580259,93.3181430680573,100
2015,YR2015,Tajikistan,TJK,69.306,21.5905747207608,2.04,4.96774005889893,30.220213504702,10.7329072655156,39.1778381962344,76.2394931599553,100
2015,YR2015,Tanzania,TZA,64.651,26.745885729563,1.25726104,4.19486570358276,24.4873501095853,7.85556496098664,40.4311664337765,50.8314701192375,100
2015,YR2015,Thailand,THA,77.717,8.87272364786793,2.74870157,3.86397624015808,36.1791773262667,27.3740711959416,54.9480990258654,98.9293593962036,100
2015,YR2015,Timor-Leste,TLS,67.137,17.8277581390576,4.40652466,6.29249811172485,18.3707623249808,0.973751580222481,63.7293225404494,74.2458313013065,100
2015,YR2015,Togo,TGO,59.396,18.9219528288839,0.9431653,3.71097993850708,22.7940426659195,14.8853305305729,49.1386494713437,63.3871895989433,100
2015,YR2015,Tonga,TON,70.607,16.8506630377007,2.76515222,..,15.5472098085233,6.03420877527353,53.361564916895,98.5525389627508,100
2015,YR2015,Trinidad and Tobago,TTO,74.503,1.65829407061422,2.90855265,4.45339345932007,35.6885873760623,14.0532508755386,58.0812055443408,98.1361776480696,100
2015,YR2015,Tunisia,TUN,75.692,9.20592301747619,3.34255123,6.22044992446899,24.8967313718372,14.0103780308278,58.945784735786,94.1515141812455,100
2015,YR2015,Turkiye,TUR,76.646,6.86837534505832,3.22,4.30550003051758,27.8343492943753,16.6961854458277,53.4755978698858,96.2561611638359,100
2015,YR2015,Turkmenistan,TKM,68.782,9.30653875928778,1.225456,..,54.2933303537937,..,36.4001308869185,97.6589427174564,100
2015,YR2015,Turks and Caicos Islands,TCA,76.912,0.495079983440721,..,2.98526191711426,9.66626683792075,0.691456048913563,76.8009808188351,..,..
2015,YR2015,Tuvalu,TUV,64.06,15.9163265306122,10.14206505,..,7.01551020408163,..,..,99.1231344003368,..
2015,YR2015,Uganda,UGA,61.086,23.4723696930371,0.76897758,2.32152009010315,27.1098848763257,17.6085476770624,44.2988124381619,47.9088089711991,100
2015,YR2015,Ukraine,UKR,71.189512195122,12.0593761063371,3.69,5.7425684928894,21.7279577419459,11.9027791187924,51.1686439927907,93.3615879463185,100
2015,YR2015,United Arab Emirates,ARE,79.223,0.723671593030506,2.46962833,..,43.3542449304817,9.1758933520037,55.9220834764877,99.9277462664831,100
2015,YR2015,United Kingdom,GBR,80.9560975609756,0.631166672145544,7.9161911,5.55452013015747,18.0941229387028,9.29473281602295,70.4515273283794,100,71.9634942035637
2015,YR2015,United States,USA,78.690243902439,1.02890409132672,8.4726429,4.93063020706177,18.4967127664639,11.6055807430427,76.3690739266245,99.4293286043051,8.46530650743068
2015,YR2015,Uruguay,URY,77.483,6.13144194290358,5.6722436,4.20636987686157,25.4417580545225,13.2426613311807,59.3254707453324,99.1313996037366,26.4441570195712
2015,YR2015,Uzbekistan,UZB,70.475,29.2207185669537,2.36,5.49453353881836,22.520460823215,12.8094689336525,39.1570431690355,94.0078216347275,100
2015,YR2015,Vanuatu,VUT,69.513,22.4211305974365,2.09905958,5.60338020324707,9.92379828514757,2.8346535772123,61.0392055939842,88.3769869401163,99.9999999989334
2015,YR2015,"Venezuela, RB",VEN,73.006,..,..,..,..,..,..,94.5712750091323,99.9950831613335
2015,YR2015,Viet Nam,VNM,73.876,14.4747261789547,2.05326915,3.41660451889038,34.2665466382117,20.9600916821922,42.1930087721287,92.6683085914306,100
2015,YR2015,Virgin Islands (U.S.),VIR,79.0170731707317,..,..,..,..,..,..,98.7182728137185,50
2015,YR2015,West Bank and Gaza,PSE,74.406,7.40889181529301,..,4.66321992874146,16.4252383269875,9.32123328848301,61.6830322636054,96.3798570222463,100
2015,YR2015,"Yemen, Rep.",YEM,65.873,20.2059373997207,0.4330447,..,33.866159352981,..,41.9279032478698,55.7788689759784,100
2015,YR2015,Zambia,ZMB,61.208,4.98083656431146,2.0905416,4.62433004379272,33.65724911523,7.52231130815079,56.2204142195756,62.8879569310471,100
2015,YR2015,Zimbabwe,ZWE,59.591,8.28424690276128,1.55090201,..,22.3583917035496,11.8885992203043,58.6510602956534,64.9549322108489,100
,,,,,,,,,,,,
,,,,,,,,,,,,
,,,,,,,,,,,,
Data from database: World Development Indicators,,,,,,,,,,,,
Last Updated: 01/28/2025,,,,,,,,,,,,
